type,legacy_type
air,air
stone,stone
granite,stone:1
polished_granite,stone:2
diorite,stone:3
polished_diorite,stone:4
andesite,stone:5
polished_andesite,stone:6
deepslate,deepslate
cobbled_deepslate,cobbled_deepslate
polished_deepslate,polished_deepslate
calcite,calcite
tuff,tuff
tuff_slab,tuff_slab
tuff_stairs,tuff_stairs
tuff_wall,tuff_wall
chiseled_tuff,chiseled_tuff
polished_tuff,polished_tuff
polished_tuff_slab,polished_tuff_slab
polished_tuff_stairs,polished_tuff_stairs
polished_tuff_wall,polished_tuff_wall
tuff_bricks,tuff_bricks
tuff_brick_slab,tuff_brick_slab
tuff_brick_stairs,tuff_brick_stairs
tuff_brick_wall,tuff_brick_wall
chiseled_tuff_bricks,chiseled_tuff_bricks
dripstone_block,dripstone_block
grass_block,grass
dirt,dirt
coarse_dirt,dirt:1
podzol,dirt:2
rooted_dirt,rooted_dirt
mud,mud
crimson_nylium,crimson_nylium
warped_nylium,warped_nylium
cobblestone,cobblestone
oak_planks,planks
spruce_planks,planks:1
birch_planks,planks:2
jungle_planks,planks:3
acacia_planks,planks:4
cherry_planks,cherry_planks
dark_oak_planks,planks:5
mangrove_planks,mangrove_planks
bamboo_planks,bamboo_planks
crimson_planks,crimson_planks
warped_planks,warped_planks
bamboo_mosaic,bamboo_mosaic
oak_sapling,sapling
spruce_sapling,sapling:1
birch_sapling,sapling:2
jungle_sapling,sapling:3
acacia_sapling,sapling:4
cherry_sapling,cherry_sapling
dark_oak_sapling,sapling:5
mangrove_propagule,mangrove_propagule
bedrock,bedrock
sand,sand
suspicious_sand,suspicious_sand
suspicious_gravel,suspicious_gravel
red_sand,sand:1
gravel,gravel
coal_ore,coal_ore
deepslate_coal_ore,deepslate_coal_ore
iron_ore,iron_ore
deepslate_iron_ore,deepslate_iron_ore
copper_ore,copper_ore
deepslate_copper_ore,deepslate_copper_ore
gold_ore,gold_ore
deepslate_gold_ore,deepslate_gold_ore
redstone_ore,redstone_ore
deepslate_redstone_ore,deepslate_redstone_ore
emerald_ore,emerald_ore
deepslate_emerald_ore,deepslate_emerald_ore
lapis_ore,lapis_ore
deepslate_lapis_ore,deepslate_lapis_ore
diamond_ore,diamond_ore
deepslate_diamond_ore,deepslate_diamond_ore
nether_gold_ore,nether_gold_ore
nether_quartz_ore,quartz_ore
ancient_debris,ancient_debris
coal_block,coal_block
raw_iron_block,raw_iron_block
raw_copper_block,raw_copper_block
raw_gold_block,raw_gold_block
heavy_core,heavy_core
amethyst_block,amethyst_block
budding_amethyst,budding_amethyst
iron_block,iron_block
copper_block,copper_block
gold_block,gold_block
diamond_block,diamond_block
netherite_block,netherite_block
exposed_copper,exposed_copper
weathered_copper,weathered_copper
oxidized_copper,oxidized_copper
chiseled_copper,chiseled_copper
exposed_chiseled_copper,exposed_chiseled_copper
weathered_chiseled_copper,weathered_chiseled_copper
oxidized_chiseled_copper,oxidized_chiseled_copper
cut_copper,cut_copper
exposed_cut_copper,exposed_cut_copper
weathered_cut_copper,weathered_cut_copper
oxidized_cut_copper,oxidized_cut_copper
cut_copper_stairs,cut_copper_stairs
exposed_cut_copper_stairs,exposed_cut_copper_stairs
weathered_cut_copper_stairs,weathered_cut_copper_stairs
oxidized_cut_copper_stairs,oxidized_cut_copper_stairs
cut_copper_slab,cut_copper_slab
exposed_cut_copper_slab,exposed_cut_copper_slab
weathered_cut_copper_slab,weathered_cut_copper_slab
oxidized_cut_copper_slab,oxidized_cut_copper_slab
waxed_copper_block,waxed_copper_block
waxed_exposed_copper,waxed_exposed_copper
waxed_weathered_copper,waxed_weathered_copper
waxed_oxidized_copper,waxed_oxidized_copper
waxed_chiseled_copper,waxed_chiseled_copper
waxed_exposed_chiseled_copper,waxed_exposed_chiseled_copper
waxed_weathered_chiseled_copper,waxed_weathered_chiseled_copper
waxed_oxidized_chiseled_copper,waxed_oxidized_chiseled_copper
waxed_cut_copper,waxed_cut_copper
waxed_exposed_cut_copper,waxed_exposed_cut_copper
waxed_weathered_cut_copper,waxed_weathered_cut_copper
waxed_oxidized_cut_copper,waxed_oxidized_cut_copper
waxed_cut_copper_stairs,waxed_cut_copper_stairs
waxed_exposed_cut_copper_stairs,waxed_exposed_cut_copper_stairs
waxed_weathered_cut_copper_stairs,waxed_weathered_cut_copper_stairs
waxed_oxidized_cut_copper_stairs,waxed_oxidized_cut_copper_stairs
waxed_cut_copper_slab,waxed_cut_copper_slab
waxed_exposed_cut_copper_slab,waxed_exposed_cut_copper_slab
waxed_weathered_cut_copper_slab,waxed_weathered_cut_copper_slab
waxed_oxidized_cut_copper_slab,waxed_oxidized_cut_copper_slab
oak_log,log
spruce_log,log:1
birch_log,log:2
jungle_log,log:3
acacia_log,log2
cherry_log,cherry_log
dark_oak_log,log2:1
mangrove_log,mangrove_log
mangrove_roots,mangrove_roots
muddy_mangrove_roots,muddy_mangrove_roots
crimson_stem,crimson_stem
warped_stem,warped_stem
bamboo_block,bamboo_block
stripped_oak_log,stripped_oak_log
stripped_spruce_log,stripped_spruce_log
stripped_birch_log,stripped_birch_log
stripped_jungle_log,stripped_jungle_log
stripped_acacia_log,stripped_acacia_log
stripped_cherry_log,stripped_cherry_log
stripped_dark_oak_log,stripped_dark_oak_log
stripped_mangrove_log,stripped_mangrove_log
stripped_crimson_stem,stripped_crimson_stem
stripped_warped_stem,stripped_warped_stem
stripped_oak_wood,stripped_oak_bark
stripped_spruce_wood,stripped_spruce_bark
stripped_birch_wood,stripped_birch_bark
stripped_jungle_wood,stripped_jungle_bark
stripped_acacia_wood,stripped_acacia_bark
stripped_cherry_wood,stripped_cherry_wood
stripped_dark_oak_wood,stripped_dark_oak_bark
stripped_mangrove_wood,stripped_mangrove_wood
stripped_crimson_hyphae,stripped_crimson_hyphae
stripped_warped_hyphae,stripped_warped_hyphae
stripped_bamboo_block,stripped_bamboo_block
oak_wood,oak_bark
spruce_wood,spruce_bark
birch_wood,birch_bark
jungle_wood,jungle_bark
acacia_wood,acacia_bark
cherry_wood,cherry_wood
dark_oak_wood,dark_oak_bark
mangrove_wood,mangrove_wood
crimson_hyphae,crimson_hyphae
warped_hyphae,warped_hyphae
oak_leaves,leaves
spruce_leaves,leaves:1
birch_leaves,leaves:2
jungle_leaves,leaves:3
acacia_leaves,leaves2
cherry_leaves,cherry_leaves
dark_oak_leaves,leaves2:1
mangrove_leaves,mangrove_leaves
azalea_leaves,azalea_leaves
flowering_azalea_leaves,flowering_azalea_leaves
sponge,sponge
wet_sponge,sponge:1
glass,glass
tinted_glass,tinted_glass
lapis_block,lapis_block
sandstone,sandstone
chiseled_sandstone,sandstone:1
cut_sandstone,sandstone:2
cobweb,cobweb
short_grass,short_grass
fern,tallgrass:2
azalea,azalea
flowering_azalea,flowering_azalea
dead_bush,deadbush
seagrass,seagrass
sea_pickle,sea_pickle
white_wool,wool
orange_wool,wool:1
magenta_wool,wool:2
light_blue_wool,wool:3
yellow_wool,wool:4
lime_wool,wool:5
pink_wool,wool:6
gray_wool,wool:7
light_gray_wool,wool:8
cyan_wool,wool:9
purple_wool,wool:10
blue_wool,wool:11
brown_wool,wool:12
green_wool,wool:13
red_wool,wool:14
black_wool,wool:15
dandelion,yellow_flower
poppy,red_flower
blue_orchid,red_flower:1
allium,red_flower:2
azure_bluet,red_flower:3
red_tulip,red_flower:4
orange_tulip,red_flower:5
white_tulip,red_flower:6
pink_tulip,red_flower:7
oxeye_daisy,red_flower:8
cornflower,cornflower
lily_of_the_valley,lily_of_the_valley
wither_rose,wither_rose
torchflower,torchflower
pitcher_plant,pitcher_plant
spore_blossom,spore_blossom
brown_mushroom,brown_mushroom
red_mushroom,red_mushroom
crimson_fungus,crimson_fungus
warped_fungus,warped_fungus
crimson_roots,crimson_roots
warped_roots,warped_roots
nether_sprouts,nether_sprouts
weeping_vines,weeping_vines
twisting_vines,twisting_vines
sugar_cane,reeds
kelp,kelp
moss_carpet,moss_carpet
pink_petals,pink_petals
moss_block,moss_block
hanging_roots,hanging_roots
big_dripleaf,big_dripleaf
small_dripleaf,small_dripleaf
bamboo,bamboo
oak_slab,wooden_slab
spruce_slab,wooden_slab:1
birch_slab,wooden_slab:2
jungle_slab,wooden_slab:3
acacia_slab,wooden_slab:4
cherry_slab,cherry_slab
dark_oak_slab,wooden_slab:5
mangrove_slab,mangrove_slab
bamboo_slab,bamboo_slab
bamboo_mosaic_slab,bamboo_mosaic_slab
crimson_slab,crimson_slab
warped_slab,warped_slab
stone_slab,stone_slab
smooth_stone_slab,smooth_stone_slab
sandstone_slab,stone_slab:1
cut_sandstone_slab,cut_sandstone_slab
petrified_oak_slab,petrified_oak_slab
cobblestone_slab,stone_slab:3
brick_slab,stone_slab:4
stone_brick_slab,stone_slab:5
mud_brick_slab,mud_brick_slab
nether_brick_slab,stone_slab:6
quartz_slab,stone_slab:7
red_sandstone_slab,stone_slab2
cut_red_sandstone_slab,cut_red_sandstone_slab
purpur_slab,purpur_slab
prismarine_slab,prismarine_slab
prismarine_brick_slab,prismarine_brick_slab
dark_prismarine_slab,dark_prismarine_slab
smooth_quartz,double_stone_slab:7
smooth_red_sandstone,smooth_red_sandstone
smooth_sandstone,smooth_sandstone
smooth_stone,double_stone_slab:8
bricks,brick_block
bookshelf,bookshelf
chiseled_bookshelf,chiseled_bookshelf
decorated_pot,decorated_pot
mossy_cobblestone,mossy_cobblestone
obsidian,obsidian
torch,torch
end_rod,end_rod
chorus_plant,chorus_plant
chorus_flower,chorus_flower
purpur_block,purpur_block
purpur_pillar,purpur_pillar
purpur_stairs,purpur_stairs
spawner,mob_spawner
chest,chest
crafting_table,crafting_table
farmland,wheat
furnace,furnace
ladder,ladder
cobblestone_stairs,stone_stairs
snow,snow_layer
ice,ice
snow_block,snow
cactus,cactus
clay,clay
jukebox,jukebox
oak_fence,fence
spruce_fence,spruce_fence
birch_fence,birch_fence
jungle_fence,jungle_fence
acacia_fence,acacia_fence
cherry_fence,cherry_fence
dark_oak_fence,dark_oak_fence
mangrove_fence,mangrove_fence
bamboo_fence,bamboo_fence
crimson_fence,crimson_fence
warped_fence,warped_fence
pumpkin,pumpkin
carved_pumpkin,pumpkin
jack_o_lantern,jack_o_lantern
netherrack,netherrack
soul_sand,soul_sand
soul_soil,soul_soil
basalt,basalt
polished_basalt,polished_basalt
smooth_basalt,smooth_basalt
soul_torch,soul_torch
glowstone,glowstone
infested_stone,monster_egg
infested_cobblestone,monster_egg:1
infested_stone_bricks,monster_egg:2
infested_mossy_stone_bricks,monster_egg:3
infested_cracked_stone_bricks,monster_egg:4
infested_chiseled_stone_bricks,monster_egg:5
infested_deepslate,infested_deepslate
stone_bricks,stonebrick
mossy_stone_bricks,stonebrick:1
cracked_stone_bricks,stonebrick:2
chiseled_stone_bricks,stonebrick:3
packed_mud,packed_mud
mud_bricks,mud_bricks
deepslate_bricks,deepslate_bricks
cracked_deepslate_bricks,cracked_deepslate_bricks
deepslate_tiles,deepslate_tiles
cracked_deepslate_tiles,cracked_deepslate_tiles
chiseled_deepslate,chiseled_deepslate
reinforced_deepslate,reinforced_deepslate
brown_mushroom_block,brown_mushroom_block
red_mushroom_block,red_mushroom_block
mushroom_stem,red_mushroom_block
iron_bars,iron_bars
chain,chain
glass_pane,glass_pane
melon,melon_block
vine,vine
glow_lichen,glow_lichen
brick_stairs,brick_stairs
stone_brick_stairs,stone_brick_stairs
mud_brick_stairs,mud_brick_stairs
mycelium,mycelium
lily_pad,waterlily
nether_bricks,nether_brick
cracked_nether_bricks,cracked_nether_bricks
chiseled_nether_bricks,chiseled_nether_bricks
nether_brick_fence,nether_brick_fence
nether_brick_stairs,nether_brick_stairs
sculk,sculk
sculk_vein,sculk_vein
sculk_catalyst,sculk_catalyst
sculk_shrieker,sculk_shrieker
enchanting_table,enchanting_table
end_portal_frame,end_portal_frame
end_stone,end_stone
end_stone_bricks,end_bricks
dragon_egg,dragon_egg
sandstone_stairs,sandstone_stairs
ender_chest,ender_chest
emerald_block,emerald_block
oak_stairs,oak_stairs
spruce_stairs,spruce_stairs
birch_stairs,birch_stairs
jungle_stairs,jungle_stairs
acacia_stairs,acacia_stairs
cherry_stairs,cherry_stairs
dark_oak_stairs,dark_oak_stairs
mangrove_stairs,mangrove_stairs
bamboo_stairs,bamboo_stairs
bamboo_mosaic_stairs,bamboo_mosaic_stairs
crimson_stairs,crimson_stairs
warped_stairs,warped_stairs
command_block,command_block
beacon,beacon
cobblestone_wall,cobblestone_wall
mossy_cobblestone_wall,cobblestone_wall:1
brick_wall,brick_wall
prismarine_wall,prismarine_wall
red_sandstone_wall,red_sandstone_wall
mossy_stone_brick_wall,mossy_stone_brick_wall
granite_wall,granite_wall
stone_brick_wall,stone_brick_wall
mud_brick_wall,mud_brick_wall
nether_brick_wall,nether_brick_wall
andesite_wall,andesite_wall
red_nether_brick_wall,red_nether_brick_wall
sandstone_wall,sandstone_wall
end_stone_brick_wall,end_stone_brick_wall
diorite_wall,diorite_wall
blackstone_wall,blackstone_wall
polished_blackstone_wall,polished_blackstone_wall
polished_blackstone_brick_wall,polished_blackstone_brick_wall
cobbled_deepslate_wall,cobbled_deepslate_wall
polished_deepslate_wall,polished_deepslate_wall
deepslate_brick_wall,deepslate_brick_wall
deepslate_tile_wall,deepslate_tile_wall
anvil,anvil
chipped_anvil,anvil:1
damaged_anvil,anvil:2
chiseled_quartz_block,quartz_block:1
quartz_block,quartz_block
quartz_bricks,quartz_bricks
quartz_pillar,quartz_block:2
quartz_stairs,quartz_stairs
white_terracotta,stained_hardened_clay
orange_terracotta,stained_hardened_clay:1
magenta_terracotta,stained_hardened_clay:2
light_blue_terracotta,stained_hardened_clay:3
yellow_terracotta,stained_hardened_clay:4
lime_terracotta,stained_hardened_clay:5
pink_terracotta,stained_hardened_clay:6
gray_terracotta,stained_hardened_clay:7
light_gray_terracotta,stained_hardened_clay:8
cyan_terracotta,stained_hardened_clay:9
purple_terracotta,stained_hardened_clay:10
blue_terracotta,stained_hardened_clay:11
brown_terracotta,stained_hardened_clay:12
green_terracotta,stained_hardened_clay:13
red_terracotta,stained_hardened_clay:14
black_terracotta,stained_hardened_clay:15
barrier,barrier
hay_block,hay_block
white_carpet,carpet
orange_carpet,carpet:1
magenta_carpet,carpet:2
light_blue_carpet,carpet:3
yellow_carpet,carpet:4
lime_carpet,carpet:5
pink_carpet,carpet:6
gray_carpet,carpet:7
light_gray_carpet,carpet:8
cyan_carpet,carpet:9
purple_carpet,carpet:10
blue_carpet,carpet:11
brown_carpet,carpet:12
green_carpet,carpet:13
red_carpet,carpet:14
black_carpet,carpet:15
terracotta,hardened_clay
packed_ice,packed_ice
dirt_path,dirt_path
sunflower,double_plant
lilac,double_plant:1
rose_bush,double_plant:4
peony,double_plant:5
tall_grass,double_plant:2
large_fern,double_plant:3
white_stained_glass,stained_glass
orange_stained_glass,stained_glass:1
magenta_stained_glass,stained_glass:2
light_blue_stained_glass,stained_glass:3
yellow_stained_glass,stained_glass:4
lime_stained_glass,stained_glass:5
pink_stained_glass,stained_glass:6
gray_stained_glass,stained_glass:7
light_gray_stained_glass,stained_glass:8
cyan_stained_glass,stained_glass:9
purple_stained_glass,stained_glass:10
blue_stained_glass,stained_glass:11
brown_stained_glass,stained_glass:12
green_stained_glass,stained_glass:13
red_stained_glass,stained_glass:14
black_stained_glass,stained_glass:15
white_stained_glass_pane,stained_glass_pane
orange_stained_glass_pane,stained_glass_pane:1
magenta_stained_glass_pane,stained_glass_pane:2
light_blue_stained_glass_pane,stained_glass_pane:3
yellow_stained_glass_pane,stained_glass_pane:4
lime_stained_glass_pane,stained_glass_pane:5
pink_stained_glass_pane,stained_glass_pane:6
gray_stained_glass_pane,stained_glass_pane:7
light_gray_stained_glass_pane,stained_glass_pane:8
cyan_stained_glass_pane,stained_glass_pane:9
purple_stained_glass_pane,stained_glass_pane:10
blue_stained_glass_pane,stained_glass_pane:11
brown_stained_glass_pane,stained_glass_pane:12
green_stained_glass_pane,stained_glass_pane:13
red_stained_glass_pane,stained_glass_pane:14
black_stained_glass_pane,stained_glass_pane:15
prismarine,prismarine
prismarine_bricks,prismarine:1
dark_prismarine,prismarine:2
prismarine_stairs,prismarine_stairs
prismarine_brick_stairs,prismarine_brick_stairs
dark_prismarine_stairs,dark_prismarine_stairs
sea_lantern,sea_lantern
red_sandstone,red_sandstone
chiseled_red_sandstone,red_sandstone:1
cut_red_sandstone,red_sandstone:2
red_sandstone_stairs,red_sandstone_stairs
repeating_command_block,repeating_command_block
chain_command_block,chain_command_block
magma_block,magma
nether_wart_block,nether_wart_block
warped_wart_block,warped_wart_block
red_nether_bricks,red_nether_brick
bone_block,bone_block
structure_void,structure_void
shulker_box,shulker_box
white_shulker_box,white_shulker_box
orange_shulker_box,orange_shulker_box
magenta_shulker_box,magenta_shulker_box
light_blue_shulker_box,light_blue_shulker_box
yellow_shulker_box,yellow_shulker_box
lime_shulker_box,lime_shulker_box
pink_shulker_box,pink_shulker_box
gray_shulker_box,gray_shulker_box
light_gray_shulker_box,light_gray_shulker_box
cyan_shulker_box,cyan_shulker_box
purple_shulker_box,purple_shulker_box
blue_shulker_box,blue_shulker_box
brown_shulker_box,brown_shulker_box
green_shulker_box,green_shulker_box
red_shulker_box,red_shulker_box
black_shulker_box,black_shulker_box
white_glazed_terracotta,white_glazed_terracotta
orange_glazed_terracotta,orange_glazed_terracotta
magenta_glazed_terracotta,magenta_glazed_terracotta
light_blue_glazed_terracotta,light_blue_glazed_terracotta
yellow_glazed_terracotta,yellow_glazed_terracotta
lime_glazed_terracotta,lime_glazed_terracotta
pink_glazed_terracotta,pink_glazed_terracotta
gray_glazed_terracotta,gray_glazed_terracotta
light_gray_glazed_terracotta,light_gray_glazed_terracotta
cyan_glazed_terracotta,cyan_glazed_terracotta
purple_glazed_terracotta,purple_glazed_terracotta
blue_glazed_terracotta,blue_glazed_terracotta
brown_glazed_terracotta,brown_glazed_terracotta
green_glazed_terracotta,green_glazed_terracotta
red_glazed_terracotta,red_glazed_terracotta
black_glazed_terracotta,black_glazed_terracotta
white_concrete,concrete
orange_concrete,concrete:1
magenta_concrete,concrete:2
light_blue_concrete,concrete:3
yellow_concrete,concrete:4
lime_concrete,concrete:5
pink_concrete,concrete:6
gray_concrete,concrete:7
light_gray_concrete,concrete:8
cyan_concrete,concrete:9
purple_concrete,concrete:10
blue_concrete,concrete:11
brown_concrete,concrete:12
green_concrete,concrete:13
red_concrete,concrete:14
black_concrete,concrete:15
white_concrete_powder,concrete_powder
orange_concrete_powder,concrete_powder:1
magenta_concrete_powder,concrete_powder:2
light_blue_concrete_powder,concrete_powder:3
yellow_concrete_powder,concrete_powder:4
lime_concrete_powder,concrete_powder:5
pink_concrete_powder,concrete_powder:6
gray_concrete_powder,concrete_powder:7
light_gray_concrete_powder,concrete_powder:8
cyan_concrete_powder,concrete_powder:9
purple_concrete_powder,concrete_powder:10
blue_concrete_powder,concrete_powder:11
brown_concrete_powder,concrete_powder:12
green_concrete_powder,concrete_powder:13
red_concrete_powder,concrete_powder:14
black_concrete_powder,concrete_powder:15
turtle_egg,turtle_egg
sniffer_egg,sniffer_egg
dead_tube_coral_block,dead_tube_coral_block
dead_brain_coral_block,dead_brain_coral_block
dead_bubble_coral_block,dead_bubble_coral_block
dead_fire_coral_block,dead_fire_coral_block
dead_horn_coral_block,dead_horn_coral_block
tube_coral_block,tube_coral_block
brain_coral_block,brain_coral_block
bubble_coral_block,bubble_coral_block
fire_coral_block,fire_coral_block
horn_coral_block,horn_coral_block
tube_coral,tube_coral
brain_coral,brain_coral
bubble_coral,bubble_coral
fire_coral,fire_coral
horn_coral,horn_coral
dead_brain_coral,dead_brain_coral
dead_bubble_coral,dead_bubble_coral
dead_fire_coral,dead_fire_coral
dead_horn_coral,dead_horn_coral
dead_tube_coral,dead_tube_coral
tube_coral_fan,tube_coral_fan
brain_coral_fan,brain_coral_fan
bubble_coral_fan,bubble_coral_fan
fire_coral_fan,fire_coral_fan
horn_coral_fan,horn_coral_fan
dead_tube_coral_fan,dead_tube_coral_fan
dead_brain_coral_fan,dead_brain_coral_fan
dead_bubble_coral_fan,dead_bubble_coral_fan
dead_fire_coral_fan,dead_fire_coral_fan
dead_horn_coral_fan,dead_horn_coral_fan
blue_ice,blue_ice
conduit,conduit
polished_granite_stairs,polished_granite_stairs
smooth_red_sandstone_stairs,smooth_red_sandstone_stairs
mossy_stone_brick_stairs,mossy_stone_brick_stairs
polished_diorite_stairs,polished_diorite_stairs
mossy_cobblestone_stairs,mossy_cobblestone_stairs
end_stone_brick_stairs,end_stone_brick_stairs
stone_stairs,stone_stairs
smooth_sandstone_stairs,smooth_sandstone_stairs
smooth_quartz_stairs,smooth_quartz_stairs
granite_stairs,granite_stairs
andesite_stairs,andesite_stairs
red_nether_brick_stairs,red_nether_brick_stairs
polished_andesite_stairs,polished_andesite_stairs
diorite_stairs,diorite_stairs
cobbled_deepslate_stairs,cobbled_deepslate_stairs
polished_deepslate_stairs,polished_deepslate_stairs
deepslate_brick_stairs,deepslate_brick_stairs
deepslate_tile_stairs,deepslate_tile_stairs
polished_granite_slab,polished_granite_slab
smooth_red_sandstone_slab,smooth_red_sandstone_slab
mossy_stone_brick_slab,mossy_stone_brick_slab
polished_diorite_slab,polished_diorite_slab
mossy_cobblestone_slab,mossy_cobblestone_slab
end_stone_brick_slab,end_stone_brick_slab
smooth_sandstone_slab,smooth_sandstone_slab
smooth_quartz_slab,smooth_quartz_slab
granite_slab,granite_slab
andesite_slab,andesite_slab
red_nether_brick_slab,red_nether_brick_slab
polished_andesite_slab,polished_andesite_slab
diorite_slab,diorite_slab
cobbled_deepslate_slab,cobbled_deepslate_slab
polished_deepslate_slab,polished_deepslate_slab
deepslate_brick_slab,deepslate_brick_slab
deepslate_tile_slab,deepslate_tile_slab
scaffolding,scaffolding
redstone,redstone
redstone_torch,lit_redstone_torch
redstone_block,redstone_block
repeater,repeater
comparator,comparator
piston,piston
sticky_piston,sticky_piston
slime_block,slime
honey_block,honey_block
observer,observer
hopper,hopper
dispenser,dispenser
dropper,dropper
lectern,lectern
target,target
lever,lever
lightning_rod,lightning_rod
daylight_detector,daylight_detector
sculk_sensor,sculk_sensor
calibrated_sculk_sensor,calibrated_sculk_sensor
tripwire_hook,tripwire_hook
trapped_chest,trapped_chest
tnt,tnt
redstone_lamp,redstone_lamp
note_block,noteblock
stone_button,stone_button
polished_blackstone_button,polished_blackstone_button
oak_button,wooden_button
spruce_button,spruce_button
birch_button,birch_button
jungle_button,jungle_button
acacia_button,acacia_button
cherry_button,cherry_button
dark_oak_button,dark_oak_button
mangrove_button,mangrove_button
bamboo_button,bamboo_button
crimson_button,crimson_button
warped_button,warped_button
stone_pressure_plate,stone_pressure_plate
polished_blackstone_pressure_plate,polished_blackstone_pressure_plate
light_weighted_pressure_plate,light_weighted_pressure_plate
heavy_weighted_pressure_plate,heavy_weighted_pressure_plate
oak_pressure_plate,wooden_pressure_plate
spruce_pressure_plate,spruce_pressure_plate
birch_pressure_plate,birch_pressure_plate
jungle_pressure_plate,jungle_pressure_plate
acacia_pressure_plate,acacia_pressure_plate
cherry_pressure_plate,cherry_pressure_plate
dark_oak_pressure_plate,dark_oak_pressure_plate
mangrove_pressure_plate,mangrove_pressure_plate
bamboo_pressure_plate,bamboo_pressure_plate
crimson_pressure_plate,crimson_pressure_plate
warped_pressure_plate,warped_pressure_plate
iron_door,iron_door
oak_door,wooden_door
spruce_door,spruce_door
birch_door,birch_door
jungle_door,jungle_door
acacia_door,acacia_door
cherry_door,cherry_door
dark_oak_door,dark_oak_door
mangrove_door,mangrove_door
bamboo_door,bamboo_door
crimson_door,crimson_door
warped_door,warped_door
copper_door,copper_door
exposed_copper_door,exposed_copper_door
weathered_copper_door,weathered_copper_door
oxidized_copper_door,oxidized_copper_door
waxed_copper_door,waxed_copper_door
waxed_exposed_copper_door,waxed_exposed_copper_door
waxed_weathered_copper_door,waxed_weathered_copper_door
waxed_oxidized_copper_door,waxed_oxidized_copper_door
iron_trapdoor,iron_trapdoor
oak_trapdoor,trapdoor
spruce_trapdoor,spruce_trapdoor
birch_trapdoor,birch_trapdoor
jungle_trapdoor,jungle_trapdoor
acacia_trapdoor,acacia_trapdoor
cherry_trapdoor,cherry_trapdoor
dark_oak_trapdoor,dark_oak_trapdoor
mangrove_trapdoor,mangrove_trapdoor
bamboo_trapdoor,bamboo_trapdoor
crimson_trapdoor,crimson_trapdoor
warped_trapdoor,warped_trapdoor
copper_trapdoor,copper_trapdoor
exposed_copper_trapdoor,exposed_copper_trapdoor
weathered_copper_trapdoor,weathered_copper_trapdoor
oxidized_copper_trapdoor,oxidized_copper_trapdoor
waxed_copper_trapdoor,waxed_copper_trapdoor
waxed_exposed_copper_trapdoor,waxed_exposed_copper_trapdoor
waxed_weathered_copper_trapdoor,waxed_weathered_copper_trapdoor
waxed_oxidized_copper_trapdoor,waxed_oxidized_copper_trapdoor
oak_fence_gate,fence_gate
spruce_fence_gate,spruce_fence_gate
birch_fence_gate,birch_fence_gate
jungle_fence_gate,jungle_fence_gate
acacia_fence_gate,acacia_fence_gate
cherry_fence_gate,cherry_fence_gate
dark_oak_fence_gate,dark_oak_fence_gate
mangrove_fence_gate,mangrove_fence_gate
bamboo_fence_gate,bamboo_fence_gate
crimson_fence_gate,crimson_fence_gate
warped_fence_gate,warped_fence_gate
powered_rail,golden_rail
detector_rail,detector_rail
rail,rail
activator_rail,activator_rail
saddle,saddle
minecart,minecart
chest_minecart,chest_minecart
furnace_minecart,furnace_minecart
tnt_minecart,tnt_minecart
hopper_minecart,hopper_minecart
carrot_on_a_stick,carrot_on_a_stick
warped_fungus_on_a_stick,warped_fungus_on_a_stick
elytra,elytra
oak_boat,boat
oak_chest_boat,oak_chest_boat
spruce_boat,spruce_boat
spruce_chest_boat,spruce_chest_boat
birch_boat,birch_boat
birch_chest_boat,birch_chest_boat
jungle_boat,jungle_boat
jungle_chest_boat,jungle_chest_boat
acacia_boat,acacia_boat
acacia_chest_boat,acacia_chest_boat
cherry_boat,cherry_boat
cherry_chest_boat,cherry_chest_boat
dark_oak_boat,dark_oak_boat
dark_oak_chest_boat,dark_oak_chest_boat
mangrove_boat,mangrove_boat
mangrove_chest_boat,mangrove_chest_boat
bamboo_raft,bamboo_raft
bamboo_chest_raft,bamboo_chest_raft
structure_block,structure_block
jigsaw,jigsaw
turtle_helmet,turtle_helmet
turtle_scute,turtle_scute
armadillo_scute,armadillo_scute
wolf_armor,wolf_armor
flint_and_steel,flint_and_steel
bowl,bowl
apple,apple
bow,bow
arrow,arrow
coal,coal
charcoal,charcoal
diamond,diamond
emerald,emerald
lapis_lazuli,dye:4
quartz,quartz
amethyst_shard,amethyst_shard
raw_iron,raw_iron
iron_ingot,iron_ingot
raw_copper,raw_copper
copper_ingot,copper_ingot
raw_gold,raw_gold
gold_ingot,gold_ingot
netherite_ingot,netherite_ingot
netherite_scrap,netherite_scrap
wooden_sword,wooden_sword
wooden_shovel,wooden_shovel
wooden_pickaxe,wooden_pickaxe
wooden_axe,wooden_axe
wooden_hoe,wooden_hoe
stone_sword,stone_sword
stone_shovel,stone_shovel
stone_pickaxe,stone_pickaxe
stone_axe,stone_axe
stone_hoe,stone_hoe
golden_sword,golden_sword
golden_shovel,golden_shovel
golden_pickaxe,golden_pickaxe
golden_axe,golden_axe
golden_hoe,golden_hoe
iron_sword,iron_sword
iron_shovel,iron_shovel
iron_pickaxe,iron_pickaxe
iron_axe,iron_axe
iron_hoe,iron_hoe
diamond_sword,diamond_sword
diamond_shovel,diamond_shovel
diamond_pickaxe,diamond_pickaxe
diamond_axe,diamond_axe
diamond_hoe,diamond_hoe
netherite_sword,netherite_sword
netherite_shovel,netherite_shovel
netherite_pickaxe,netherite_pickaxe
netherite_axe,netherite_axe
netherite_hoe,netherite_hoe
stick,stick
mushroom_stew,mushroom_stew
string,string
feather,feather
gunpowder,gunpowder
wheat_seeds,wheat_seeds
wheat,wheat
bread,bread
leather_helmet,leather_helmet
leather_chestplate,leather_chestplate
leather_leggings,leather_leggings
leather_boots,leather_boots
chainmail_helmet,chainmail_helmet
chainmail_chestplate,chainmail_chestplate
chainmail_leggings,chainmail_leggings
chainmail_boots,chainmail_boots
iron_helmet,iron_helmet
iron_chestplate,iron_chestplate
iron_leggings,iron_leggings
iron_boots,iron_boots
diamond_helmet,diamond_helmet
diamond_chestplate,diamond_chestplate
diamond_leggings,diamond_leggings
diamond_boots,diamond_boots
golden_helmet,golden_helmet
golden_chestplate,golden_chestplate
golden_leggings,golden_leggings
golden_boots,golden_boots
netherite_helmet,netherite_helmet
netherite_chestplate,netherite_chestplate
netherite_leggings,netherite_leggings
netherite_boots,netherite_boots
flint,flint
porkchop,porkchop
cooked_porkchop,cooked_porkchop
painting,painting
golden_apple,golden_apple
enchanted_golden_apple,golden_apple:1
oak_sign,oak_sign
spruce_sign,spruce_sign
birch_sign,birch_sign
jungle_sign,jungle_sign
acacia_sign,acacia_sign
cherry_sign,cherry_sign
dark_oak_sign,dark_oak_sign
mangrove_sign,mangrove_sign
bamboo_sign,bamboo_sign
crimson_sign,crimson_sign
warped_sign,warped_sign
oak_hanging_sign,oak_hanging_sign
spruce_hanging_sign,spruce_hanging_sign
birch_hanging_sign,birch_hanging_sign
jungle_hanging_sign,jungle_hanging_sign
acacia_hanging_sign,acacia_hanging_sign
cherry_hanging_sign,cherry_hanging_sign
dark_oak_hanging_sign,dark_oak_hanging_sign
mangrove_hanging_sign,mangrove_hanging_sign
bamboo_hanging_sign,bamboo_hanging_sign
crimson_hanging_sign,crimson_hanging_sign
warped_hanging_sign,warped_hanging_sign
bucket,bucket
water_bucket,water_bucket
lava_bucket,lava_bucket
powder_snow_bucket,powder_snow_bucket
snowball,snowball
leather,leather
milk_bucket,milk_bucket
pufferfish_bucket,pufferfish_bucket
salmon_bucket,salmon_bucket
cod_bucket,cod_bucket
tropical_fish_bucket,clownfish_bucket
axolotl_bucket,axolotl_bucket
tadpole_bucket,tadpole_bucket
brick,brick
clay_ball,clay_ball
dried_kelp_block,dried_kelp_block
paper,paper
book,book
slime_ball,slime_ball
egg,egg
compass,compass
recovery_compass,recovery_compass
bundle,bundle
fishing_rod,fishing_rod
clock,clock
spyglass,spyglass
glowstone_dust,glowstone_dust
cod,cod
salmon,salmon
tropical_fish,fish:2
pufferfish,fish:3
cooked_cod,cooked_fish
cooked_salmon,cooked_fish:1
ink_sac,dye
glow_ink_sac,glow_ink_sac
cocoa_beans,dye:3
white_dye,white_dye
orange_dye,dye:14
magenta_dye,dye:13
light_blue_dye,dye:12
yellow_dye,yellow_dye
lime_dye,dye:10
pink_dye,dye:9
gray_dye,dye:8
light_gray_dye,dye:7
cyan_dye,dye:6
purple_dye,dye:5
blue_dye,blue_dye
brown_dye,brown_dye
green_dye,green_dye
red_dye,red_dye
black_dye,black_dye
bone_meal,dye:15
bone,bone
sugar,sugar
cake,cake
white_bed,bed
orange_bed,bed:1
magenta_bed,bed:2
light_blue_bed,bed:3
yellow_bed,bed:4
lime_bed,bed:5
pink_bed,bed:6
gray_bed,bed:7
light_gray_bed,bed:8
cyan_bed,bed:9
purple_bed,bed:10
blue_bed,bed:11
brown_bed,bed:12
green_bed,bed:13
red_bed,bed:14
black_bed,bed:15
cookie,cookie
crafter,crafter
filled_map,filled_map
shears,shears
melon_slice,melon
dried_kelp,dried_kelp
pumpkin_seeds,pumpkin_seeds
melon_seeds,melon_seeds
beef,beef
cooked_beef,cooked_beef
chicken,chicken
cooked_chicken,cooked_chicken
rotten_flesh,rotten_flesh
ender_pearl,ender_pearl
blaze_rod,blaze_rod
ghast_tear,ghast_tear
gold_nugget,gold_nugget
nether_wart,nether_wart
potion,potion
glass_bottle,glass_bottle
spider_eye,spider_eye
fermented_spider_eye,fermented_spider_eye
blaze_powder,blaze_powder
magma_cream,magma_cream
brewing_stand,brewing_stand
cauldron,cauldron
ender_eye,ender_eye
glistering_melon_slice,speckled_melon
armadillo_spawn_egg,armadillo_spawn_egg
allay_spawn_egg,allay_spawn_egg
axolotl_spawn_egg,axolotl_spawn_egg
bat_spawn_egg,spawn_egg:65
bee_spawn_egg,bee_spawn_egg
blaze_spawn_egg,spawn_egg:61
bogged_spawn_egg,bogged_spawn_egg
breeze_spawn_egg,breeze_spawn_egg
cat_spawn_egg,cat_spawn_egg
camel_spawn_egg,camel_spawn_egg
cave_spider_spawn_egg,spawn_egg:59
chicken_spawn_egg,spawn_egg:93
cod_spawn_egg,cod_spawn_egg
cow_spawn_egg,spawn_egg:92
creeper_spawn_egg,spawn_egg:50
dolphin_spawn_egg,dolphin_spawn_egg
donkey_spawn_egg,spawn_egg:31
drowned_spawn_egg,drowned_spawn_egg
elder_guardian_spawn_egg,spawn_egg:4
ender_dragon_spawn_egg,ender_dragon_spawn_egg
enderman_spawn_egg,spawn_egg:58
endermite_spawn_egg,spawn_egg:67
evoker_spawn_egg,spawn_egg:34
fox_spawn_egg,fox_spawn_egg
frog_spawn_egg,frog_spawn_egg
ghast_spawn_egg,spawn_egg:56
glow_squid_spawn_egg,glow_squid_spawn_egg
goat_spawn_egg,goat_spawn_egg
guardian_spawn_egg,spawn_egg:68
hoglin_spawn_egg,hoglin_spawn_egg
horse_spawn_egg,spawn_egg:100
husk_spawn_egg,spawn_egg:23
iron_golem_spawn_egg,iron_golem_spawn_egg
llama_spawn_egg,spawn_egg:103
magma_cube_spawn_egg,spawn_egg:62
mooshroom_spawn_egg,spawn_egg:96
mule_spawn_egg,spawn_egg:32
ocelot_spawn_egg,spawn_egg:98
panda_spawn_egg,panda_spawn_egg
parrot_spawn_egg,spawn_egg
phantom_spawn_egg,phantom_spawn_egg
pig_spawn_egg,spawn_egg:90
piglin_spawn_egg,piglin_spawn_egg
piglin_brute_spawn_egg,piglin_brute_spawn_egg
pillager_spawn_egg,pillager_spawn_egg
polar_bear_spawn_egg,spawn_egg:102
pufferfish_spawn_egg,pufferfish_spawn_egg
rabbit_spawn_egg,spawn_egg:101
ravager_spawn_egg,ravager_spawn_egg
salmon_spawn_egg,salmon_spawn_egg
sheep_spawn_egg,spawn_egg:91
shulker_spawn_egg,spawn_egg:69
silverfish_spawn_egg,spawn_egg
skeleton_spawn_egg,spawn_egg:51
skeleton_horse_spawn_egg,spawn_egg:28
slime_spawn_egg,spawn_egg:55
sniffer_spawn_egg,sniffer_spawn_egg
snow_golem_spawn_egg,snow_golem_spawn_egg
spider_spawn_egg,spawn_egg:52
squid_spawn_egg,spawn_egg:94
stray_spawn_egg,spawn_egg:6
strider_spawn_egg,strider_spawn_egg
tadpole_spawn_egg,tadpole_spawn_egg
trader_llama_spawn_egg,trader_llama_spawn_egg
tropical_fish_spawn_egg,tropical_fish_spawn_egg
turtle_spawn_egg,turtle_spawn_egg
vex_spawn_egg,spawn_egg:35
villager_spawn_egg,spawn_egg:120
vindicator_spawn_egg,spawn_egg:36
wandering_trader_spawn_egg,wandering_trader_spawn_egg
warden_spawn_egg,warden_spawn_egg
witch_spawn_egg,spawn_egg:66
wither_spawn_egg,wither_spawn_egg
wither_skeleton_spawn_egg,spawn_egg:5
wolf_spawn_egg,spawn_egg:95
zoglin_spawn_egg,zoglin_spawn_egg
zombie_spawn_egg,spawn_egg:54
zombie_horse_spawn_egg,spawn_egg:29
zombie_villager_spawn_egg,spawn_egg:27
zombified_piglin_spawn_egg,zombified_piglin_spawn_egg
experience_bottle,experience_bottle
fire_charge,fire_charge
wind_charge,wind_charge
writable_book,writable_book
written_book,written_book
mace,mace
item_frame,item_frame
glow_item_frame,glow_item_frame
flower_pot,flower_pot
carrot,carrot
potato,potato
baked_potato,baked_potato
poisonous_potato,poisonous_potato
map,map
golden_carrot,golden_carrot
skeleton_skull,skull
wither_skeleton_skull,skull:1
player_head,skull:3
zombie_head,skull:2
creeper_head,skull:4
dragon_head,skull:5
piglin_head,piglin_head
nether_star,nether_star
pumpkin_pie,pumpkin_pie
firework_rocket,fireworks
firework_star,firework_charge
enchanted_book,enchanted_book
nether_brick,netherbrick
prismarine_shard,prismarine_shard
prismarine_crystals,prismarine_crystals
rabbit,rabbit
cooked_rabbit,cooked_rabbit
rabbit_stew,rabbit_stew
rabbit_foot,rabbit_foot
rabbit_hide,rabbit_hide
armor_stand,armor_stand
iron_horse_armor,iron_horse_armor
golden_horse_armor,golden_horse_armor
diamond_horse_armor,diamond_horse_armor
leather_horse_armor,leather_horse_armor
lead,lead
name_tag,name_tag
command_block_minecart,command_block_minecart
mutton,mutton
cooked_mutton,cooked_mutton
white_banner,banner:15
orange_banner,banner:14
magenta_banner,banner:13
light_blue_banner,banner:12
yellow_banner,banner:11
lime_banner,banner:10
pink_banner,banner:9
gray_banner,banner:8
light_gray_banner,banner:7
cyan_banner,banner:6
purple_banner,banner:5
blue_banner,banner:4
brown_banner,banner:3
green_banner,banner:2
red_banner,banner:1
black_banner,banner
end_crystal,end_crystal
chorus_fruit,chorus_fruit
popped_chorus_fruit,chorus_fruit_popped
torchflower_seeds,torchflower_seeds
pitcher_pod,pitcher_pod
beetroot,beetroot
beetroot_seeds,beetroot_seeds
beetroot_soup,beetroot_soup
dragon_breath,dragon_breath
splash_potion,splash_potion
spectral_arrow,spectral_arrow
tipped_arrow,tipped_arrow
lingering_potion,lingering_potion
shield,shield
totem_of_undying,totem_of_undying
shulker_shell,shulker_shell
iron_nugget,iron_nugget
knowledge_book,knowledge_book
debug_stick,debug_stick
music_disc_13,music_disc_13
music_disc_cat,music_disc_cat
music_disc_blocks,music_disc_blocks
music_disc_chirp,music_disc_chirp
music_disc_creator,music_disc_creator
music_disc_creator_music_box,music_disc_creator_music_box
music_disc_far,music_disc_far
music_disc_mall,music_disc_mall
music_disc_mellohi,music_disc_mellohi
music_disc_stal,music_disc_stal
music_disc_strad,music_disc_strad
music_disc_ward,music_disc_ward
music_disc_11,music_disc_11
music_disc_wait,music_disc_wait
music_disc_otherside,music_disc_otherside
music_disc_relic,music_disc_relic
music_disc_5,music_disc_5
music_disc_pigstep,music_disc_pigstep
music_disc_precipice,music_disc_precipice
disc_fragment_5,disc_fragment_5
trident,trident
phantom_membrane,phantom_membrane
nautilus_shell,nautilus_shell
heart_of_the_sea,heart_of_the_sea
crossbow,crossbow
suspicious_stew,suspicious_stew
loom,loom
flower_banner_pattern,flower_banner_pattern
creeper_banner_pattern,creeper_banner_pattern
skull_banner_pattern,skull_banner_pattern
mojang_banner_pattern,mojang_banner_pattern
globe_banner_pattern,globe_banner_pattern
piglin_banner_pattern,piglin_banner_pattern
flow_banner_pattern,flow_banner_pattern
guster_banner_pattern,guster_banner_pattern
goat_horn,goat_horn
composter,composter
barrel,barrel
smoker,smoker
blast_furnace,blast_furnace
cartography_table,cartography_table
fletching_table,fletching_table
grindstone,grindstone
smithing_table,smithing_table
stonecutter,stonecutter
bell,bell
lantern,lantern
soul_lantern,soul_lantern
sweet_berries,sweet_berries
glow_berries,glow_berries
campfire,campfire
soul_campfire,soul_campfire
shroomlight,shroomlight
honeycomb,honeycomb
bee_nest,bee_nest
beehive,beehive
honey_bottle,honey_bottle
honeycomb_block,honeycomb_block
lodestone,lodestone
crying_obsidian,crying_obsidian
blackstone,blackstone
blackstone_slab,blackstone_slab
blackstone_stairs,blackstone_stairs
gilded_blackstone,gilded_blackstone
polished_blackstone,polished_blackstone
polished_blackstone_slab,polished_blackstone_slab
polished_blackstone_stairs,polished_blackstone_stairs
chiseled_polished_blackstone,chiseled_polished_blackstone
polished_blackstone_bricks,polished_blackstone_bricks
polished_blackstone_brick_slab,polished_blackstone_brick_slab
polished_blackstone_brick_stairs,polished_blackstone_brick_stairs
cracked_polished_blackstone_bricks,cracked_polished_blackstone_bricks
respawn_anchor,respawn_anchor
candle,candle
white_candle,white_candle
orange_candle,orange_candle
magenta_candle,magenta_candle
light_blue_candle,light_blue_candle
yellow_candle,yellow_candle
lime_candle,lime_candle
pink_candle,pink_candle
gray_candle,gray_candle
light_gray_candle,light_gray_candle
cyan_candle,cyan_candle
purple_candle,purple_candle
blue_candle,blue_candle
brown_candle,brown_candle
green_candle,green_candle
red_candle,red_candle
black_candle,black_candle
small_amethyst_bud,small_amethyst_bud
medium_amethyst_bud,medium_amethyst_bud
large_amethyst_bud,large_amethyst_bud
amethyst_cluster,amethyst_cluster
pointed_dripstone,pointed_dripstone
ochre_froglight,ochre_froglight
verdant_froglight,verdant_froglight
pearlescent_froglight,pearlescent_froglight
frogspawn,frogspawn
echo_shard,echo_shard
brush,brush
netherite_upgrade_smithing_template,netherite_upgrade_smithing_template
sentry_armor_trim_smithing_template,sentry_armor_trim_smithing_template
dune_armor_trim_smithing_template,dune_armor_trim_smithing_template
coast_armor_trim_smithing_template,coast_armor_trim_smithing_template
wild_armor_trim_smithing_template,wild_armor_trim_smithing_template
ward_armor_trim_smithing_template,ward_armor_trim_smithing_template
eye_armor_trim_smithing_template,eye_armor_trim_smithing_template
vex_armor_trim_smithing_template,vex_armor_trim_smithing_template
tide_armor_trim_smithing_template,tide_armor_trim_smithing_template
snout_armor_trim_smithing_template,snout_armor_trim_smithing_template
rib_armor_trim_smithing_template,rib_armor_trim_smithing_template
spire_armor_trim_smithing_template,spire_armor_trim_smithing_template
wayfinder_armor_trim_smithing_template,wayfinder_armor_trim_smithing_template
shaper_armor_trim_smithing_template,shaper_armor_trim_smithing_template
silence_armor_trim_smithing_template,silence_armor_trim_smithing_template
raiser_armor_trim_smithing_template,raiser_armor_trim_smithing_template
host_armor_trim_smithing_template,host_armor_trim_smithing_template
flow_armor_trim_smithing_template,flow_armor_trim_smithing_template
bolt_armor_trim_smithing_template,bolt_armor_trim_smithing_template
angler_pottery_sherd,angler_pottery_sherd
archer_pottery_sherd,archer_pottery_sherd
arms_up_pottery_sherd,arms_up_pottery_sherd
blade_pottery_sherd,blade_pottery_sherd
brewer_pottery_sherd,brewer_pottery_sherd
burn_pottery_sherd,burn_pottery_sherd
danger_pottery_sherd,danger_pottery_sherd
explorer_pottery_sherd,explorer_pottery_sherd
flow_pottery_sherd,flow_pottery_sherd
friend_pottery_sherd,friend_pottery_sherd
guster_pottery_sherd,guster_pottery_sherd
heart_pottery_sherd,heart_pottery_sherd
heartbreak_pottery_sherd,heartbreak_pottery_sherd
howl_pottery_sherd,howl_pottery_sherd
miner_pottery_sherd,miner_pottery_sherd
mourner_pottery_sherd,mourner_pottery_sherd
plenty_pottery_sherd,plenty_pottery_sherd
prize_pottery_sherd,prize_pottery_sherd
scrape_pottery_sherd,scrape_pottery_sherd
sheaf_pottery_sherd,sheaf_pottery_sherd
shelter_pottery_sherd,shelter_pottery_sherd
skull_pottery_sherd,skull_pottery_sherd
snort_pottery_sherd,snort_pottery_sherd
copper_grate,copper_grate
exposed_copper_grate,exposed_copper_grate
weathered_copper_grate,weathered_copper_grate
oxidized_copper_grate,oxidized_copper_grate
waxed_copper_grate,waxed_copper_grate
waxed_exposed_copper_grate,waxed_exposed_copper_grate
waxed_weathered_copper_grate,waxed_weathered_copper_grate
waxed_oxidized_copper_grate,waxed_oxidized_copper_grate
copper_bulb,copper_bulb
exposed_copper_bulb,exposed_copper_bulb
weathered_copper_bulb,weathered_copper_bulb
oxidized_copper_bulb,oxidized_copper_bulb
waxed_copper_bulb,waxed_copper_bulb
waxed_exposed_copper_bulb,waxed_exposed_copper_bulb
waxed_weathered_copper_bulb,waxed_weathered_copper_bulb
waxed_oxidized_copper_bulb,waxed_oxidized_copper_bulb
trial_spawner,trial_spawner
trial_key,trial_key
ominous_trial_key,ominous_trial_key
vault,vault
ominous_bottle,ominous_bottle
breeze_rod,breeze_rod
water,still_water
lava,still_lava
tall_seagrass,tall_seagrass
piston_head,piston_head
moving_piston,moving_piston
wall_torch,torch
fire,fire
soul_fire,soul_fire
redstone_wire,redstone_wire
oak_wall_sign,oak_wall_sign
spruce_wall_sign,spruce_wall_sign
birch_wall_sign,birch_wall_sign
acacia_wall_sign,acacia_wall_sign
cherry_wall_sign,cherry_wall_sign
jungle_wall_sign,jungle_wall_sign
dark_oak_wall_sign,dark_oak_wall_sign
mangrove_wall_sign,mangrove_wall_sign
bamboo_wall_sign,bamboo_wall_sign
oak_wall_hanging_sign,oak_wall_hanging_sign
spruce_wall_hanging_sign,spruce_wall_hanging_sign
birch_wall_hanging_sign,birch_wall_hanging_sign
acacia_wall_hanging_sign,acacia_wall_hanging_sign
cherry_wall_hanging_sign,cherry_wall_hanging_sign
jungle_wall_hanging_sign,jungle_wall_hanging_sign
dark_oak_wall_hanging_sign,dark_oak_wall_hanging_sign
mangrove_wall_hanging_sign,mangrove_wall_hanging_sign
crimson_wall_hanging_sign,crimson_wall_hanging_sign
warped_wall_hanging_sign,warped_wall_hanging_sign
bamboo_wall_hanging_sign,bamboo_wall_hanging_sign
redstone_wall_torch,redstone_wall_torch
soul_wall_torch,soul_wall_torch
nether_portal,portal
attached_pumpkin_stem,attached_pumpkin_stem
attached_melon_stem,attached_melon_stem
pumpkin_stem,pumpkin_stem
melon_stem,melon_stem
water_cauldron,water_cauldron
lava_cauldron,lava_cauldron
powder_snow_cauldron,powder_snow_cauldron
end_portal,end_portal
cocoa,cocoa
tripwire,tripwire_hook
potted_torchflower,potted_torchflower
potted_oak_sapling,flower_pot
potted_spruce_sapling,flower_pot
potted_birch_sapling,flower_pot
potted_jungle_sapling,flower_pot
potted_acacia_sapling,flower_pot
potted_cherry_sapling,potted_cherry_sapling
potted_dark_oak_sapling,flower_pot
potted_mangrove_propagule,potted_mangrove_propagule
potted_fern,flower_pot
potted_dandelion,flower_pot
potted_poppy,flower_pot
potted_blue_orchid,flower_pot
potted_allium,flower_pot
potted_azure_bluet,flower_pot
potted_red_tulip,flower_pot
potted_orange_tulip,flower_pot
potted_white_tulip,flower_pot
potted_pink_tulip,flower_pot
potted_oxeye_daisy,flower_pot
potted_cornflower,potted_cornflower
potted_lily_of_the_valley,potted_lily_of_the_valley
potted_wither_rose,potted_wither_rose
potted_red_mushroom,flower_pot
potted_brown_mushroom,flower_pot
potted_dead_bush,flower_pot
potted_cactus,flower_pot
carrots,carrots
potatoes,potatoes
skeleton_wall_skull,skull
wither_skeleton_wall_skull,skull
zombie_wall_head,skull
player_wall_head,skull
creeper_wall_head,skull
dragon_wall_head,skull
piglin_wall_head,piglin_wall_head
white_wall_banner,white_wall_banner
orange_wall_banner,orange_wall_banner
magenta_wall_banner,magenta_wall_banner
light_blue_wall_banner,light_blue_wall_banner
yellow_wall_banner,yellow_wall_banner
lime_wall_banner,lime_wall_banner
pink_wall_banner,pink_wall_banner
gray_wall_banner,gray_wall_banner
light_gray_wall_banner,light_gray_wall_banner
cyan_wall_banner,cyan_wall_banner
purple_wall_banner,purple_wall_banner
blue_wall_banner,blue_wall_banner
brown_wall_banner,brown_wall_banner
green_wall_banner,green_wall_banner
red_wall_banner,red_wall_banner
black_wall_banner,black_wall_banner
torchflower_crop,torchflower_crop
pitcher_crop,pitcher_crop
beetroots,beetroots
end_gateway,end_gateway
frosted_ice,frosted_ice
kelp_plant,kelp_plant
dead_tube_coral_wall_fan,dead_tube_coral_wall_fan
dead_brain_coral_wall_fan,dead_brain_coral_wall_fan
dead_bubble_coral_wall_fan,dead_bubble_coral_wall_fan
dead_fire_coral_wall_fan,dead_fire_coral_wall_fan
dead_horn_coral_wall_fan,dead_horn_coral_wall_fan
tube_coral_wall_fan,tube_coral_wall_fan
brain_coral_wall_fan,brain_coral_wall_fan
bubble_coral_wall_fan,bubble_coral_wall_fan
fire_coral_wall_fan,fire_coral_wall_fan
horn_coral_wall_fan,horn_coral_wall_fan
bamboo_sapling,bamboo_sapling
potted_bamboo,potted_bamboo
void_air,void_air
cave_air,cave_air
bubble_column,bubble_column
sweet_berry_bush,sweet_berry_bush
weeping_vines_plant,weeping_vines_plant
twisting_vines_plant,twisting_vines_plant
crimson_wall_sign,crimson_wall_sign
warped_wall_sign,warped_wall_sign
potted_crimson_fungus,potted_crimson_fungus
potted_warped_fungus,potted_warped_fungus
potted_crimson_roots,potted_crimson_roots
potted_warped_roots,potted_warped_roots
candle_cake,candle_cake
white_candle_cake,white_candle_cake
orange_candle_cake,orange_candle_cake
magenta_candle_cake,magenta_candle_cake
light_blue_candle_cake,light_blue_candle_cake
yellow_candle_cake,yellow_candle_cake
lime_candle_cake,lime_candle_cake
pink_candle_cake,pink_candle_cake
gray_candle_cake,gray_candle_cake
light_gray_candle_cake,light_gray_candle_cake
cyan_candle_cake,cyan_candle_cake
purple_candle_cake,purple_candle_cake
blue_candle_cake,blue_candle_cake
brown_candle_cake,brown_candle_cake
green_candle_cake,green_candle_cake
red_candle_cake,red_candle_cake
black_candle_cake,black_candle_cake
powder_snow,powder_snow
cave_vines,cave_vines
cave_vines_plant,cave_vines_plant
big_dripleaf_stem,big_dripleaf_stem
potted_azalea_bush,potted_azalea_bush
potted_flowering_azalea_bush,potted_flowering_azalea_bush
